composer,entropy_pitch_mean,entropy_pitch_std,entropy_interval_mean,entropy_interval_std
Bach,4.954574373525072,0.1727152039367167,5.500511600195775,0.16973171980108623
Beethoven,5.482835278223289,0.16471999472094181,5.850292056046872,0.15410594457207774
Chopin,5.498741618917038,0.2851263488320887,5.805302127173759,0.2876186709526476
Liszt,5.737779123084101,0.262613412365757,5.936320980949755,0.2142927791203255
