composer,entropy_pitch_mean,entropy_pitch_std,entropy_interval_mean,entropy_interval_std,entropy_chord_mean,entropy_chord_std,entropy_time_interval_mean,entropy_time_interval_std
Bach,4.954574373525072,0.1727152039367167,5.500511600195775,0.16973171980108623,4.982621538514392,0.4287500043024638,3.87138592800459,0.4899633558070209
Beethoven,5.482835278223289,0.16471999472094181,5.850292056046872,0.15410594457207774,5.164669825179401,0.3936443753682747,4.017249038756545,0.2862474386053523
Chopin,5.498741618917038,0.2851263488320887,5.805302127173759,0.2876186709526476,5.0067452822871985,0.7760375957579584,3.92226033565618,0.6203624230041341
Liszt,5.737779123084101,0.262613412365757,5.936320980949755,0.2142927791203255,5.26614332131199,0.8543787297395838,3.8191052202199254,0.3598229727083457
